file,start_s,end_s,species,confidence
2025-10-22 09_15.wav,0.0,5.0,Asian_green_bee_eater,0.455
2025-10-22 09_15.wav,2.5,7.5,Asian_green_bee_eater,0.45
2025-10-22 09_15.wav,5.0,10.0,Asian_green_bee_eater,0.38
2025-10-22 09_15.wav,7.5,12.5,Spotted_dove,0.28
2025-10-22 09_15.wav,10.0,15.0,Asian_green_bee_eater,0.4075
2025-10-22 09_15.wav,12.5,17.5,Asian_green_bee_eater,0.3925
2025-10-22 09_15.wav,15.0,20.0,Indian_peafowl,0.2525
2025-10-22 09_15.wav,17.5,22.5,Indian_peafowl,0.28
2025-10-22 09_15.wav,20.0,25.0,Asian_green_bee_eater,0.3525
2025-10-22 09_15.wav,22.5,27.5,Indian_peafowl,0.3125
2025-10-22 09_15.wav,25.0,30.0,Indian_peafowl,0.32
2025-10-22 09_15.wav,27.5,32.5,Indian_peafowl,0.3475
2025-10-22 09_15.wav,30.0,35.0,Indian_peafowl,0.2625
2025-10-22 09_15.wav,32.5,37.5,Indian_peafowl,0.25
2025-10-22 09_15.wav,35.0,40.0,Spotted_dove,0.2825
2025-10-22 09_15.wav,37.5,42.5,Indian_peafowl,0.3525
2025-10-22 09_15.wav,40.0,45.0,Asian_green_bee_eater,0.2575
2025-10-22 09_15.wav,42.5,47.5,Indian_peafowl,0.25
2025-10-22 09_15.wav,45.0,50.0,Asian_green_bee_eater,0.2575
2025-10-22 09_15.wav,47.5,52.5,Asian_green_bee_eater,0.4225
2025-10-22 09_15.wav,50.0,55.0,Asian_green_bee_eater,0.435
2025-10-22 09_15.wav,52.5,57.5,Asian_green_bee_eater,0.435
2025-10-22 09_15.wav,55.0,60.0,Asian_green_bee_eater,0.41
2025-10-22 09_15.wav,57.5,62.5,Asian_green_bee_eater,0.3975
2025-10-22 09_15.wav,60.0,65.0,Asian_green_bee_eater,0.3225
2025-10-22 09_15.wav,62.5,67.5,Asian_green_bee_eater,0.43
2025-10-22 09_15.wav,65.0,70.0,Asian_green_bee_eater,0.4
2025-10-22 09_15.wav,67.5,72.5,Spotted_dove,0.245
2025-10-22 09_15.wav,70.0,75.0,Indian_peafowl,0.3175
2025-10-22 09_15.wav,72.5,77.5,Indian_peafowl,0.2875
2025-10-22 09_15.wav,75.0,80.0,Indian_peafowl,0.3075
2025-10-22 09_15.wav,77.5,82.5,Indian_peafowl,0.245
2025-10-22 09_15.wav,80.0,85.0,Asian_green_bee_eater,0.44
2025-10-22 09_15.wav,82.5,87.5,Asian_green_bee_eater,0.2775
2025-10-22 09_15.wav,85.0,90.0,Asian_green_bee_eater,0.3575
2025-10-22 09_15.wav,87.5,92.5,Asian_green_bee_eater,0.255
2025-10-22 09_15.wav,90.0,95.0,Asian_green_bee_eater,0.2475
2025-10-22 09_15.wav,92.5,97.5,Indian_peafowl,0.3
2025-10-22 09_15.wav,95.0,100.0,Indian_peafowl,0.35
2025-10-22 09_15.wav,97.5,102.5,Indian_peafowl,0.32
2025-10-22 09_15.wav,100.0,105.0,Indian_peafowl,0.2875
2025-10-22 09_15.wav,102.5,107.5,Indian_peafowl,0.3075
2025-10-22 09_15.wav,105.0,110.0,Indian_peafowl,0.25
2025-10-22 09_15.wav,107.5,112.5,Indian_peafowl,0.245
2025-10-22 09_15.wav,110.0,115.0,Asian_green_bee_eater,0.32
2025-10-22 09_15.wav,112.5,117.5,Asian_green_bee_eater,0.25
2025-10-22 09_15.wav,115.0,120.0,Indian_peafowl,0.285
2025-10-22 09_15.wav,117.5,122.5,Indian_peafowl,0.3525
2025-10-22 09_15.wav,120.0,125.0,Indian_peafowl,0.3
2025-10-22 09_15.wav,122.5,127.5,Indian_peafowl,0.2725
2025-10-22 09_15.wav,125.0,130.0,Indian_peafowl,0.2725
2025-10-22 09_15.wav,127.5,132.5,Asian_green_bee_eater,0.425
2025-10-22 09_15.wav,130.0,135.0,Asian_green_bee_eater,0.405
2025-10-22 09_15.wav,132.5,137.5,Asian_green_bee_eater,0.3275
2025-10-22 09_15.wav,135.0,140.0,Asian_green_bee_eater,0.2825
2025-10-22 09_15.wav,137.5,142.5,Asian_green_bee_eater,0.4675
2025-10-22 09_15.wav,140.0,145.0,Asian_green_bee_eater,0.255
2025-10-22 09_15.wav,142.5,147.5,Asian_green_bee_eater,0.23
2025-10-22 09_15.wav,145.0,150.0,Asian_green_bee_eater,0.305
2025-10-22 09_15.wav,147.5,152.5,Asian_green_bee_eater,0.2975
2025-10-22 09_15.wav,150.0,155.0,Asian_green_bee_eater,0.435
2025-10-22 09_15.wav,152.5,157.5,Asian_green_bee_eater,0.465
2025-10-22 09_15.wav,155.0,160.0,Asian_green_bee_eater,0.425
2025-10-22 09_15.wav,157.5,162.5,Asian_green_bee_eater,0.3
2025-10-22 09_15.wav,160.0,165.0,Asian_green_bee_eater,0.2825
2025-10-22 09_15.wav,162.5,167.5,Asian_green_bee_eater,0.47
2025-10-22 09_15.wav,165.0,170.0,Asian_green_bee_eater,0.3125
2025-10-22 09_15.wav,167.5,172.5,Asian_green_bee_eater,0.415
2025-10-22 09_15.wav,170.0,175.0,Asian_green_bee_eater,0.26
2025-10-22 09_15.wav,172.5,177.5,Asian_green_bee_eater,0.33
2025-10-22 09_15.wav,175.0,180.0,Asian_green_bee_eater,0.335
2025-10-22 09_15.wav,177.5,182.5,Asian_green_bee_eater,0.4225
2025-10-22 09_15.wav,180.0,185.0,Indian_peafowl,0.2575
2025-10-22 09_15.wav,182.5,187.5,Asian_green_bee_eater,0.3775
2025-10-22 09_15.wav,185.0,190.0,Indian_peafowl,0.2575
2025-10-22 09_15.wav,187.5,192.5,Indian_peafowl,0.335
2025-10-22 09_15.wav,190.0,195.0,Asian_green_bee_eater,0.27
2025-10-22 09_15.wav,192.5,197.5,Asian_green_bee_eater,0.305
2025-10-22 09_15.wav,195.0,200.0,Asian_green_bee_eater,0.44
2025-10-22 09_15.wav,197.5,202.5,Asian_green_bee_eater,0.455
2025-10-22 09_15.wav,200.0,205.0,Asian_green_bee_eater,0.355
2025-10-22 09_15.wav,202.5,207.5,Indian_peafowl,0.3475
2025-10-22 09_15.wav,205.0,210.0,Indian_peafowl,0.3575
2025-10-22 09_15.wav,207.5,212.5,Asian_green_bee_eater,0.6225
2025-10-22 09_15.wav,210.0,215.0,Asian_green_bee_eater,0.4925
2025-10-22 09_15.wav,212.5,217.5,Indian_peafowl,0.39
2025-10-22 09_15.wav,215.0,220.0,Asian_green_bee_eater,0.3925
2025-10-22 09_15.wav,217.5,222.5,Indian_peafowl,0.3525
2025-10-22 09_15.wav,220.0,225.0,Asian_green_bee_eater,0.3375
2025-10-22 09_15.wav,222.5,227.5,Asian_green_bee_eater,0.36
2025-10-22 09_15.wav,225.0,230.0,Indian_peafowl,0.41
2025-10-22 09_15.wav,227.5,232.5,Indian_peafowl,0.285
2025-10-22 09_15.wav,230.0,235.0,Asian_green_bee_eater,0.2725
2025-10-22 09_15.wav,232.5,237.5,Asian_green_bee_eater,0.2325
2025-10-22 09_15.wav,235.0,240.0,Indian_peafowl,0.295
2025-10-22 09_15.wav,237.5,242.5,Asian_green_bee_eater,0.2725
2025-10-22 09_15.wav,240.0,245.0,Asian_green_bee_eater,0.265
2025-10-22 09_15.wav,242.5,247.5,Indian_peafowl,0.245
2025-10-22 09_15.wav,245.0,250.0,Asian_green_bee_eater,0.495
2025-10-22 09_15.wav,247.5,252.5,Asian_green_bee_eater,0.285
2025-10-22 09_15.wav,250.0,255.0,Indian_peafowl,0.32
2025-10-22 09_15.wav,252.5,257.5,Indian_peafowl,0.22
2025-10-22 09_15.wav,255.0,260.0,Asian_green_bee_eater,0.2275
2025-10-22 09_15.wav,257.5,262.5,Indian_peafowl,0.2875
2025-10-22 09_15.wav,260.0,265.0,Indian_peafowl,0.315
2025-10-22 09_15.wav,262.5,267.5,Indian_peafowl,0.3675
2025-10-22 09_15.wav,265.0,270.0,Spotted_dove,0.245
2025-10-22 09_15.wav,267.5,272.5,Asian_green_bee_eater,0.2475
2025-10-22 09_15.wav,270.0,275.0,Indian_peafowl,0.27
2025-10-22 09_15.wav,272.5,277.5,Indian_peafowl,0.2325
2025-10-22 09_15.wav,275.0,280.0,Asian_green_bee_eater,0.4475
2025-10-22 09_15.wav,277.5,282.5,Asian_green_bee_eater,0.3925
2025-10-22 09_15.wav,280.0,285.0,Asian_green_bee_eater,0.34
2025-10-22 09_15.wav,282.5,287.5,Asian_green_bee_eater,0.25
2025-10-22 09_15.wav,285.0,290.0,Indian_peafowl,0.23
2025-10-22 09_15.wav,287.5,292.5,Asian_green_bee_eater,0.2425
2025-10-22 09_15.wav,290.0,295.0,Indian_peafowl,0.25
2025-10-22 09_15.wav,292.5,297.5,Asian_green_bee_eater,0.3575
2025-10-22 09_15.wav,295.0,300.0,Asian_green_bee_eater,0.43
2025-10-22 09_15.wav,297.5,302.5,Asian_green_bee_eater,0.3225
2025-10-22 09_15.wav,300.0,305.0,Asian_green_bee_eater,0.3
2025-10-22 09_15.wav,302.5,307.5,Indian_peafowl,0.28
2025-10-22 09_15.wav,305.0,310.0,Indian_peafowl,0.305
2025-10-22 09_15.wav,307.5,312.5,Indian_peafowl,0.285
2025-10-22 09_15.wav,310.0,315.0,Indian_peafowl,0.2975
2025-10-22 09_15.wav,312.5,317.5,Indian_peafowl,0.315
2025-10-22 09_15.wav,315.0,320.0,Indian_peafowl,0.255
2025-10-22 09_15.wav,317.5,322.5,Indian_peafowl,0.29
2025-10-22 09_15.wav,320.0,325.0,Indian_peafowl,0.3475
2025-10-22 09_15.wav,322.5,327.5,Indian_peafowl,0.35
2025-10-22 09_15.wav,325.0,330.0,Indian_peafowl,0.245
2025-10-22 09_15.wav,327.5,332.5,Asian_green_bee_eater,0.2375
2025-10-22 09_15.wav,330.0,335.0,Asian_green_bee_eater,0.2775
2025-10-22 09_15.wav,332.5,337.5,Asian_green_bee_eater,0.31
2025-10-22 09_15.wav,335.0,340.0,Asian_green_bee_eater,0.275
2025-10-22 09_15.wav,337.5,342.5,Indian_peafowl,0.4125
2025-10-22 09_15.wav,340.0,345.0,Indian_peafowl,0.4225
2025-10-22 09_15.wav,342.5,347.5,Indian_peafowl,0.38
2025-10-22 09_15.wav,345.0,350.0,Indian_peafowl,0.28
2025-10-22 09_15.wav,347.5,352.5,Indian_peafowl,0.375
2025-10-22 09_15.wav,350.0,355.0,Spotted_dove,0.28
2025-10-22 09_15.wav,352.5,357.5,Indian_peafowl,0.3175
2025-10-22 09_15.wav,355.0,360.0,Indian_peafowl,0.295
2025-10-22 09_15.wav,357.5,362.5,Indian_peafowl,0.28
2025-10-22 09_15.wav,360.0,365.0,Indian_peafowl,0.2625
2025-10-22 09_15.wav,362.5,367.5,Indian_peafowl,0.265
2025-10-22 09_15.wav,365.0,370.0,Asian_green_bee_eater,0.2975
2025-10-22 09_15.wav,367.5,372.5,Asian_green_bee_eater,0.345
2025-10-22 09_15.wav,370.0,375.0,Asian_green_bee_eater,0.265
2025-10-22 09_15.wav,372.5,377.5,Spotted_dove,0.2225
2025-10-22 09_15.wav,375.0,380.0,Spotted_dove,0.2275
2025-10-22 09_15.wav,377.5,382.5,Asian_green_bee_eater,0.255
2025-10-22 09_15.wav,380.0,385.0,Indian_peafowl,0.275
2025-10-22 09_15.wav,382.5,387.5,Indian_peafowl,0.255
2025-10-22 09_15.wav,385.0,390.0,Asian_green_bee_eater,0.3475
2025-10-22 09_15.wav,387.5,392.5,Asian_green_bee_eater,0.4275
2025-10-22 09_15.wav,390.0,395.0,Asian_green_bee_eater,0.28
2025-10-22 09_15.wav,392.5,397.5,Asian_green_bee_eater,0.25
2025-10-22 09_15.wav,395.0,400.0,Asian_green_bee_eater,0.34
2025-10-22 09_15.wav,397.5,402.5,Asian_green_bee_eater,0.365
2025-10-22 09_15.wav,400.0,405.0,Asian_green_bee_eater,0.44
2025-10-22 09_15.wav,402.5,407.5,Asian_green_bee_eater,0.365
2025-10-22 09_15.wav,405.0,410.0,Asian_green_bee_eater,0.3625
2025-10-22 09_15.wav,407.5,412.5,Asian_green_bee_eater,0.48
2025-10-22 09_15.wav,410.0,415.0,Asian_green_bee_eater,0.4625
2025-10-22 09_15.wav,412.5,417.5,Asian_green_bee_eater,0.4675
2025-10-22 09_15.wav,415.0,420.0,Asian_green_bee_eater,0.3875
2025-10-22 09_15.wav,417.5,422.5,Indian_peafowl,0.2375
2025-10-22 09_15.wav,420.0,425.0,Asian_green_bee_eater,0.2675
2025-10-22 09_15.wav,422.5,427.5,Asian_green_bee_eater,0.3475
2025-10-22 09_15.wav,425.0,430.0,Asian_green_bee_eater,0.325
2025-10-22 09_15.wav,427.5,432.5,Asian_green_bee_eater,0.3975
2025-10-22 09_15.wav,430.0,435.0,Asian_green_bee_eater,0.3025
2025-10-22 09_15.wav,432.5,437.5,Indian_peafowl,0.2425
2025-10-22 09_15.wav,435.0,440.0,Asian_green_bee_eater,0.25
2025-10-22 09_15.wav,437.5,442.5,Asian_green_bee_eater,0.255
2025-10-22 09_15.wav,440.0,445.0,Asian_green_bee_eater,0.2675
2025-10-22 09_15.wav,442.5,447.5,Asian_green_bee_eater,0.405
2025-10-22 09_15.wav,445.0,450.0,Asian_green_bee_eater,0.235
2025-10-22 09_15.wav,447.5,452.5,Indian_peafowl,0.2725
2025-10-22 09_15.wav,450.0,455.0,Asian_green_bee_eater,0.2975
2025-10-22 09_15.wav,452.5,457.5,Indian_peafowl,0.25
2025-10-22 09_15.wav,455.0,460.0,Asian_green_bee_eater,0.32
2025-10-22 09_15.wav,457.5,462.5,Indian_peafowl,0.25
2025-10-22 09_15.wav,460.0,465.0,Asian_green_bee_eater,0.2375
2025-10-22 09_15.wav,462.5,467.5,Asian_green_bee_eater,0.2475
2025-10-22 09_15.wav,465.0,470.0,Asian_green_bee_eater,0.2225
2025-10-22 09_15.wav,467.5,472.5,Asian_green_bee_eater,0.3225
2025-10-22 09_15.wav,470.0,475.0,Asian_green_bee_eater,0.2925
2025-10-22 09_15.wav,472.5,477.5,Asian_green_bee_eater,0.3325
2025-10-22 09_15.wav,475.0,480.0,Asian_green_bee_eater,0.3975
2025-10-22 09_15.wav,477.5,482.5,Asian_green_bee_eater,0.43
2025-10-22 09_15.wav,480.0,485.0,Asian_green_bee_eater,0.4575
2025-10-22 09_15.wav,482.5,487.5,Asian_green_bee_eater,0.45
2025-10-22 09_15.wav,485.0,490.0,Asian_green_bee_eater,0.4425
2025-10-22 09_15.wav,487.5,492.5,Asian_green_bee_eater,0.4225
2025-10-22 09_15.wav,490.0,495.0,Asian_green_bee_eater,0.44
2025-10-22 09_15.wav,492.5,497.5,Asian_green_bee_eater,0.4725
2025-10-22 09_15.wav,495.0,500.0,Asian_green_bee_eater,0.295
2025-10-22 09_15.wav,497.5,502.5,Asian_green_bee_eater,0.26
2025-10-22 09_15.wav,500.0,505.0,Asian_green_bee_eater,0.3075
2025-10-22 09_15.wav,502.5,507.5,Asian_green_bee_eater,0.3175
2025-10-22 09_15.wav,505.0,510.0,Asian_green_bee_eater,0.215
2025-10-22 09_15.wav,507.5,512.5,Spotted_dove,0.2025
2025-10-22 09_15.wav,510.0,515.0,Indian_peafowl,0.33
2025-10-22 09_15.wav,512.5,517.5,Indian_peafowl,0.235
2025-10-22 09_15.wav,515.0,520.0,Indian_peafowl,0.2775
2025-10-22 09_15.wav,517.5,522.5,Asian_green_bee_eater,0.3225
2025-10-22 09_15.wav,520.0,525.0,Asian_green_bee_eater,0.4825
2025-10-22 09_15.wav,522.5,527.5,Asian_green_bee_eater,0.5025
2025-10-22 09_15.wav,525.0,530.0,Asian_green_bee_eater,0.4925
2025-10-22 09_15.wav,527.5,532.5,Asian_green_bee_eater,0.265
2025-10-22 09_15.wav,530.0,535.0,Indian_peafowl,0.2375
2025-10-22 09_15.wav,532.5,537.5,Asian_green_bee_eater,0.425
2025-10-22 09_15.wav,535.0,540.0,Asian_green_bee_eater,0.4225
2025-10-22 09_15.wav,537.5,542.5,Asian_green_bee_eater,0.4275
2025-10-22 09_15.wav,540.0,545.0,Asian_green_bee_eater,0.375
2025-10-22 09_15.wav,542.5,547.5,Asian_green_bee_eater,0.295
2025-10-22 09_15.wav,545.0,550.0,Indian_peafowl,0.3125
2025-10-22 09_15.wav,547.5,552.5,Ashy_Prinia,0.26
2025-10-22 09_15.wav,550.0,555.0,Ashy_Prinia,0.335
2025-10-22 09_15.wav,552.5,557.5,Indian_peafowl,0.205
2025-10-22 09_15.wav,555.0,560.0,Indian_peafowl,0.1975
2025-10-22 09_15.wav,557.5,562.5,Indian_peafowl,0.245
2025-10-22 09_15.wav,560.0,565.0,Indian_peafowl,0.235
2025-10-22 09_15.wav,562.5,567.5,Ashy_Prinia,0.2775
2025-10-22 09_15.wav,565.0,570.0,Grey_francolin,0.2075
2025-10-22 09_15.wav,567.5,572.5,Indian_peafowl,0.235
2025-10-22 09_15.wav,570.0,575.0,Asian_green_bee_eater,0.2425
2025-10-22 09_15.wav,572.5,577.5,Grey_francolin,0.2
2025-10-22 09_15.wav,575.0,580.0,Indian_peafowl,0.2225
2025-10-22 09_15.wav,577.5,582.5,Asian_green_bee_eater,0.38
2025-10-22 09_15.wav,580.0,585.0,Asian_green_bee_eater,0.3925
2025-10-22 09_15.wav,582.5,587.5,Asian_green_bee_eater,0.395
2025-10-22 09_15.wav,585.0,590.0,Asian_green_bee_eater,0.2325
2025-10-22 09_15.wav,587.5,592.5,Asian_green_bee_eater,0.3325
2025-10-22 09_15.wav,590.0,595.0,Asian_green_bee_eater,0.3525
2025-10-22 09_15.wav,592.5,597.5,Asian_green_bee_eater,0.4625
2025-10-22 09_15.wav,595.0,600.0,Asian_green_bee_eater,0.2375
2025-10-22 09_15.wav,597.5,602.5,Indian_peafowl,0.25
2025-10-22 09_15.wav,600.0,605.0,Asian_green_bee_eater,0.3575
2025-10-22 09_15.wav,602.5,607.5,Indian_peafowl,0.3
2025-10-22 09_15.wav,605.0,610.0,Asian_green_bee_eater,0.27
2025-10-22 09_15.wav,607.5,612.5,Asian_green_bee_eater,0.445
2025-10-22 09_15.wav,610.0,615.0,Asian_green_bee_eater,0.4625
2025-10-22 09_15.wav,612.5,617.5,Asian_green_bee_eater,0.415
2025-10-22 09_15.wav,615.0,620.0,Asian_green_bee_eater,0.29
2025-10-22 09_15.wav,617.5,622.5,Asian_green_bee_eater,0.2375
2025-10-22 09_15.wav,620.0,625.0,Asian_green_bee_eater,0.41
2025-10-22 09_15.wav,622.5,627.5,Asian_green_bee_eater,0.3075
2025-10-22 09_15.wav,625.0,630.0,Indian_peafowl,0.2175
2025-10-22 09_15.wav,627.5,632.5,Indian_peafowl,0.1825
2025-10-22 09_15.wav,630.0,635.0,Indian_peafowl,0.2175
2025-10-22 09_15.wav,632.5,637.5,Indian_peafowl,0.21
2025-10-22 09_15.wav,635.0,640.0,Indian_peafowl,0.2025
2025-10-22 09_15.wav,637.5,642.5,Indian_peafowl,0.215
2025-10-22 09_15.wav,640.0,645.0,Indian_peafowl,0.2125
2025-10-22 09_15.wav,642.5,647.5,Asian_green_bee_eater,0.2525
2025-10-22 09_15.wav,645.0,650.0,Indian_peafowl,0.24
2025-10-22 09_15.wav,647.5,652.5,Indian_peafowl,0.19
2025-10-22 09_15.wav,650.0,655.0,Indian_peafowl,0.21
2025-10-22 09_15.wav,652.5,657.5,Indian_peafowl,0.2975
2025-10-22 09_15.wav,655.0,660.0,Indian_peafowl,0.2825
2025-10-22 09_15.wav,657.5,662.5,Indian_peafowl,0.2125
2025-10-22 09_15.wav,660.0,665.0,Indian_peafowl,0.2175
2025-10-22 09_15.wav,662.5,667.5,Indian_peafowl,0.215
2025-10-22 09_15.wav,665.0,670.0,Indian_peafowl,0.245
2025-10-22 09_15.wav,667.5,672.5,Indian_peafowl,0.2475
2025-10-22 09_15.wav,670.0,675.0,Indian_peafowl,0.28
2025-10-22 09_15.wav,672.5,677.5,Indian_peafowl,0.2675
2025-10-22 09_15.wav,675.0,680.0,Indian_peafowl,0.265
2025-10-22 09_15.wav,677.5,682.5,Indian_peafowl,0.2875
2025-10-22 09_15.wav,680.0,685.0,Indian_peafowl,0.23
2025-10-22 09_15.wav,682.5,687.5,Asian_green_bee_eater,0.355
2025-10-22 09_15.wav,685.0,690.0,Asian_green_bee_eater,0.26
2025-10-22 09_15.wav,687.5,692.5,Asian_green_bee_eater,0.345
2025-10-22 09_15.wav,690.0,695.0,Asian_green_bee_eater,0.43
2025-10-22 09_15.wav,692.5,697.5,Indian_peafowl,0.26
2025-10-22 09_15.wav,695.0,700.0,Indian_peafowl,0.31
2025-10-22 09_15.wav,697.5,702.5,Indian_peafowl,0.29
2025-10-22 09_15.wav,700.0,705.0,Indian_peafowl,0.3325
2025-10-22 09_15.wav,702.5,707.5,Indian_peafowl,0.2575
2025-10-22 09_15.wav,705.0,710.0,Indian_peafowl,0.2525
2025-10-22 09_15.wav,707.5,712.5,Asian_green_bee_eater,0.435
2025-10-22 09_15.wav,710.0,715.0,Asian_green_bee_eater,0.325
2025-10-22 09_15.wav,712.5,717.5,Asian_green_bee_eater,0.3175
2025-10-22 09_15.wav,715.0,720.0,Asian_green_bee_eater,0.395
2025-10-22 09_15.wav,717.5,722.5,Asian_green_bee_eater,0.5075
2025-10-22 09_15.wav,720.0,725.0,Asian_green_bee_eater,0.2925
2025-10-22 09_15.wav,722.5,727.5,Indian_peafowl,0.2475
2025-10-22 09_15.wav,725.0,730.0,Asian_green_bee_eater,0.295
2025-10-22 09_15.wav,727.5,732.5,Indian_peafowl,0.2875
2025-10-22 09_15.wav,730.0,735.0,Asian_green_bee_eater,0.2325
2025-10-22 09_15.wav,732.5,737.5,Asian_green_bee_eater,0.275
2025-10-22 09_15.wav,735.0,740.0,Indian_peafowl,0.2875
2025-10-22 09_15.wav,737.5,742.5,Indian_peafowl,0.2575
2025-10-22 09_15.wav,740.0,745.0,Indian_peafowl,0.23
2025-10-22 09_15.wav,742.5,747.5,Ashy_Prinia,0.2825
2025-10-22 09_15.wav,745.0,750.0,Ashy_Prinia,0.2125
2025-10-22 09_15.wav,747.5,752.5,Indian_peafowl,0.2925
2025-10-22 09_15.wav,750.0,755.0,Asian_green_bee_eater,0.3075
2025-10-22 09_15.wav,752.5,757.5,Asian_green_bee_eater,0.365
2025-10-22 09_15.wav,755.0,760.0,Indian_peafowl,0.285
2025-10-22 09_15.wav,757.5,762.5,Indian_peafowl,0.4
2025-10-22 09_15.wav,760.0,765.0,Indian_peafowl,0.2775
2025-10-22 09_15.wav,762.5,767.5,Asian_green_bee_eater,0.5975
2025-10-22 09_15.wav,765.0,770.0,Indian_peafowl,0.24
2025-10-22 09_15.wav,767.5,772.5,Indian_peafowl,0.2875
2025-10-22 09_15.wav,770.0,775.0,Asian_green_bee_eater,0.235
2025-10-22 09_15.wav,772.5,777.5,Indian_peafowl,0.2725
2025-10-22 09_15.wav,775.0,780.0,Indian_peafowl,0.2975
2025-10-22 09_15.wav,777.5,782.5,Indian_peafowl,0.25
2025-10-22 09_15.wav,780.0,785.0,Indian_peafowl,0.27
2025-10-22 09_15.wav,782.5,787.5,Spotted_dove,0.2775
2025-10-22 09_15.wav,785.0,790.0,Indian_peafowl,0.25
2025-10-22 09_15.wav,787.5,792.5,Asian_green_bee_eater,0.34
2025-10-22 09_15.wav,790.0,795.0,Asian_green_bee_eater,0.5125
2025-10-22 09_15.wav,792.5,797.5,Indian_peafowl,0.1975
2025-10-22 09_15.wav,795.0,800.0,Indian_peafowl,0.1725
2025-10-22 09_15.wav,797.5,802.5,Indian_peafowl,0.2175
2025-10-22 09_15.wav,800.0,805.0,Asian_green_bee_eater,0.355
2025-10-22 09_15.wav,802.5,807.5,Asian_green_bee_eater,0.4525
2025-10-22 09_15.wav,805.0,810.0,Asian_green_bee_eater,0.195
2025-10-22 09_15.wav,807.5,812.5,Indian_peafowl,0.2025
2025-10-22 09_15.wav,810.0,815.0,Asian_green_bee_eater,0.3175
2025-10-22 09_15.wav,812.5,817.5,Asian_green_bee_eater,0.355
2025-10-22 09_15.wav,815.0,820.0,Indian_peafowl,0.225
2025-10-22 09_15.wav,817.5,822.5,Indian_peafowl,0.2625
2025-10-22 09_15.wav,820.0,825.0,Indian_peafowl,0.2275
2025-10-22 09_15.wav,822.5,827.5,Asian_green_bee_eater,0.37
2025-10-22 09_15.wav,825.0,830.0,Indian_peafowl,0.2425
2025-10-22 09_15.wav,827.5,832.5,Indian_peafowl,0.2875
2025-10-22 09_15.wav,830.0,835.0,Spotted_dove,0.2725
2025-10-22 09_15.wav,832.5,837.5,Indian_peafowl,0.295
2025-10-22 09_15.wav,835.0,840.0,Indian_peafowl,0.1975
2025-10-22 09_15.wav,837.5,842.5,Indian_peafowl,0.23
2025-10-22 09_15.wav,840.0,845.0,Indian_peafowl,0.2975
2025-10-22 09_15.wav,842.5,847.5,Spotted_dove,0.27
2025-10-22 09_15.wav,845.0,850.0,Indian_peafowl,0.3025
2025-10-22 09_15.wav,847.5,852.5,Indian_peafowl,0.26
2025-10-22 09_15.wav,850.0,855.0,Indian_peafowl,0.2425
2025-10-22 09_15.wav,852.5,857.5,Indian_peafowl,0.35
2025-10-22 09_15.wav,855.0,860.0,Indian_peafowl,0.29
2025-10-22 09_15.wav,857.5,862.5,Indian_peafowl,0.2375
2025-10-22 09_15.wav,860.0,865.0,Asian_green_bee_eater,0.215
2025-10-22 09_15.wav,862.5,867.5,Indian_peafowl,0.265
2025-10-22 09_15.wav,865.0,870.0,Indian_peafowl,0.28
2025-10-22 09_15.wav,867.5,872.5,Indian_peafowl,0.29
2025-10-22 09_15.wav,870.0,875.0,Indian_peafowl,0.2175
2025-10-22 09_15.wav,872.5,877.5,Indian_peafowl,0.235
2025-10-22 09_15.wav,875.0,880.0,Asian_green_bee_eater,0.18
2025-10-22 09_15.wav,877.5,882.5,Asian_green_bee_eater,0.2825
2025-10-22 09_15.wav,880.0,885.0,Asian_green_bee_eater,0.39
2025-10-22 09_15.wav,882.5,887.5,Asian_green_bee_eater,0.2425
2025-10-22 09_15.wav,885.0,890.0,Asian_green_bee_eater,0.36
2025-10-22 09_15.wav,887.5,892.5,Asian_green_bee_eater,0.395
2025-10-22 09_15.wav,890.0,895.0,Asian_green_bee_eater,0.435
2025-10-22 09_15.wav,892.5,897.5,Asian_green_bee_eater,0.515
2025-10-22 09_15.wav,895.0,900.0,Asian_green_bee_eater,0.365
2025-10-22 09_15.wav,897.5,902.5,Asian_green_bee_eater,0.2825
2025-10-22 09_15.wav,900.0,905.0,Asian_green_bee_eater,0.42
2025-10-22 09_15.wav,902.5,907.5,Asian_green_bee_eater,0.575
2025-10-22 09_15.wav,905.0,910.0,Asian_green_bee_eater,0.5675
2025-10-22 09_15.wav,907.5,912.5,Asian_green_bee_eater,0.3125
2025-10-22 09_15.wav,910.0,915.0,Asian_green_bee_eater,0.3125
2025-10-22 09_15.wav,912.5,917.5,Asian_green_bee_eater,0.59
2025-10-22 09_15.wav,915.0,920.0,Asian_green_bee_eater,0.425
2025-10-22 09_15.wav,917.5,922.5,Asian_green_bee_eater,0.3625
2025-10-22 09_15.wav,920.0,925.0,Asian_green_bee_eater,0.27
2025-10-22 09_15.wav,922.5,927.5,Asian_green_bee_eater,0.38
2025-10-22 09_15.wav,925.0,930.0,Asian_green_bee_eater,0.5375
2025-10-22 09_15.wav,927.5,932.5,Asian_green_bee_eater,0.5575
2025-10-22 09_15.wav,930.0,935.0,Asian_green_bee_eater,0.3725
2025-10-22 09_15.wav,932.5,937.5,Indian_peafowl,0.23
2025-10-22 09_15.wav,935.0,940.0,Indian_peafowl,0.265
2025-10-22 09_15.wav,937.5,942.5,Indian_peafowl,0.2225
2025-10-22 09_15.wav,940.0,945.0,Asian_green_bee_eater,0.215
2025-10-22 09_15.wav,942.5,947.5,Asian_green_bee_eater,0.3675
2025-10-22 09_15.wav,945.0,950.0,Asian_green_bee_eater,0.295
2025-10-22 09_15.wav,947.5,952.5,Asian_green_bee_eater,0.2225
2025-10-22 09_15.wav,950.0,955.0,Indian_peafowl,0.27
2025-10-22 09_15.wav,952.5,957.5,Indian_peafowl,0.2325
2025-10-22 09_15.wav,955.0,960.0,Indian_peafowl,0.2125
2025-10-22 09_15.wav,957.5,962.5,Indian_peafowl,0.2325
2025-10-22 09_15.wav,960.0,965.0,Indian_peafowl,0.225
2025-10-22 09_15.wav,962.5,967.5,Indian_peafowl,0.23
2025-10-22 09_15.wav,965.0,970.0,Asian_green_bee_eater,0.4025
2025-10-22 09_15.wav,967.5,972.5,Asian_green_bee_eater,0.355
2025-10-22 09_15.wav,970.0,975.0,Indian_peafowl,0.2525
2025-10-22 09_15.wav,972.5,977.5,Indian_peafowl,0.2225
2025-10-22 09_15.wav,975.0,980.0,Asian_green_bee_eater,0.4925
2025-10-22 09_15.wav,977.5,982.5,Indian_peafowl,0.2425
2025-10-22 09_15.wav,980.0,985.0,Grey_francolin,0.18
2025-10-22 09_15.wav,982.5,987.5,Indian_peafowl,0.1875
2025-10-22 09_15.wav,985.0,990.0,Indian_peafowl,0.2175
2025-10-22 09_15.wav,987.5,992.5,Indian_peafowl,0.215
2025-10-22 09_15.wav,990.0,995.0,Indian_peafowl,0.2325
2025-10-22 09_15.wav,992.5,997.5,Indian_peafowl,0.2625
2025-10-22 09_15.wav,995.0,1000.0,Indian_peafowl,0.215
2025-10-22 09_15.wav,997.5,1002.5,Indian_peafowl,0.235
2025-10-22 09_15.wav,1000.0,1005.0,Asian_green_bee_eater,0.4625
2025-10-22 09_15.wav,1002.5,1007.5,Asian_green_bee_eater,0.25
2025-10-22 09_15.wav,1005.0,1010.0,Indian_peafowl,0.2075
2025-10-22 09_15.wav,1007.5,1012.5,Indian_peafowl,0.24
2025-10-22 09_15.wav,1010.0,1015.0,Indian_peafowl,0.2
2025-10-22 09_15.wav,1012.5,1017.5,Indian_peafowl,0.185
2025-10-22 09_15.wav,1015.0,1020.0,Asian_green_bee_eater,0.46
2025-10-22 09_15.wav,1017.5,1022.5,Asian_green_bee_eater,0.5575
2025-10-22 09_15.wav,1020.0,1025.0,Asian_green_bee_eater,0.3025
2025-10-22 09_15.wav,1022.5,1027.5,Asian_green_bee_eater,0.285
2025-10-22 09_15.wav,1025.0,1030.0,Asian_green_bee_eater,0.3475
2025-10-22 09_15.wav,1027.5,1032.5,Asian_green_bee_eater,0.4675
2025-10-22 09_15.wav,1030.0,1035.0,Asian_green_bee_eater,0.515
2025-10-22 09_15.wav,1032.5,1037.5,Asian_green_bee_eater,0.5175
2025-10-22 09_15.wav,1035.0,1040.0,Asian_green_bee_eater,0.5375
2025-10-22 09_15.wav,1037.5,1042.5,Asian_green_bee_eater,0.5475
2025-10-22 09_15.wav,1040.0,1045.0,Asian_green_bee_eater,0.55
2025-10-22 09_15.wav,1042.5,1047.5,Asian_green_bee_eater,0.525
2025-10-22 09_15.wav,1045.0,1050.0,Indian_peafowl,0.29
2025-10-22 09_15.wav,1047.5,1052.5,Indian_peafowl,0.3225
2025-10-22 09_15.wav,1050.0,1055.0,Indian_peafowl,0.265
2025-10-22 09_15.wav,1052.5,1057.5,Indian_peafowl,0.2875
2025-10-22 09_15.wav,1055.0,1060.0,Indian_peafowl,0.285
2025-10-22 09_15.wav,1057.5,1062.5,Asian_green_bee_eater,0.245
2025-10-22 09_15.wav,1060.0,1065.0,Asian_green_bee_eater,0.48
2025-10-22 09_15.wav,1062.5,1067.5,Asian_green_bee_eater,0.23
2025-10-22 09_15.wav,1065.0,1070.0,Asian_green_bee_eater,0.21
2025-10-22 09_15.wav,1067.5,1072.5,Indian_peafowl,0.2025
2025-10-22 09_15.wav,1070.0,1075.0,Indian_peafowl,0.2475
2025-10-22 09_15.wav,1072.5,1077.5,Indian_peafowl,0.2875
2025-10-22 09_15.wav,1075.0,1080.0,Indian_peafowl,0.2825
2025-10-22 09_15.wav,1077.5,1082.5,Indian_peafowl,0.2475
2025-10-22 09_15.wav,1080.0,1085.0,Asian_green_bee_eater,0.28
2025-10-22 09_15.wav,1082.5,1087.5,Indian_peafowl,0.3075
2025-10-22 09_15.wav,1085.0,1090.0,Indian_peafowl,0.285
2025-10-22 09_15.wav,1087.5,1092.5,Indian_peafowl,0.3075
2025-10-22 09_15.wav,1090.0,1095.0,Indian_peafowl,0.2575
2025-10-22 09_15.wav,1092.5,1097.5,Indian_peafowl,0.26
2025-10-22 09_15.wav,1095.0,1100.0,Indian_peafowl,0.31
2025-10-22 09_15.wav,1097.5,1102.5,Indian_peafowl,0.34
2025-10-22 09_15.wav,1100.0,1105.0,Indian_peafowl,0.285
2025-10-22 09_15.wav,1102.5,1107.5,Asian_green_bee_eater,0.21
2025-10-22 09_15.wav,1105.0,1110.0,Indian_peafowl,0.265
2025-10-22 09_15.wav,1107.5,1112.5,Indian_peafowl,0.3
2025-10-22 09_15.wav,1110.0,1115.0,Spotted_dove,0.295
2025-10-22 09_15.wav,1112.5,1117.5,Spotted_dove,0.29
2025-10-22 09_15.wav,1115.0,1120.0,Spotted_dove,0.28
2025-10-22 09_15.wav,1117.5,1122.5,Asian_green_bee_eater,0.2475
2025-10-22 09_15.wav,1120.0,1125.0,Spotted_dove,0.2475
2025-10-22 09_15.wav,1122.5,1127.5,Spotted_dove,0.29
2025-10-22 09_15.wav,1125.0,1130.0,Indian_peafowl,0.3025
2025-10-22 09_15.wav,1127.5,1132.5,Spotted_dove,0.31
2025-10-22 09_15.wav,1130.0,1135.0,Spotted_dove,0.3125
2025-10-22 09_15.wav,1132.5,1137.5,Indian_peafowl,0.295
2025-10-22 09_15.wav,1135.0,1140.0,Spotted_dove,0.31
2025-10-22 09_15.wav,1137.5,1142.5,Spotted_dove,0.2725
2025-10-22 09_15.wav,1140.0,1145.0,Indian_peafowl,0.2925
2025-10-22 09_15.wav,1142.5,1147.5,Indian_peafowl,0.2875
2025-10-22 09_15.wav,1145.0,1150.0,Indian_peafowl,0.245
2025-10-22 09_15.wav,1147.5,1152.5,Asian_green_bee_eater,0.325
2025-10-22 09_15.wav,1150.0,1155.0,Asian_green_bee_eater,0.4575
2025-10-22 09_15.wav,1152.5,1157.5,Asian_green_bee_eater,0.305
2025-10-22 09_15.wav,1155.0,1160.0,Asian_green_bee_eater,0.295
2025-10-22 09_15.wav,1157.5,1162.5,Indian_peafowl,0.2475
2025-10-22 09_15.wav,1160.0,1165.0,Indian_peafowl,0.2325
2025-10-22 09_15.wav,1162.5,1167.5,Spotted_dove,0.265
2025-10-22 09_15.wav,1165.0,1170.0,Asian_green_bee_eater,0.22
2025-10-22 09_15.wav,1167.5,1172.5,Asian_green_bee_eater,0.245
2025-10-22 09_15.wav,1170.0,1175.0,Indian_peafowl,0.3125
2025-10-22 09_15.wav,1172.5,1177.5,Indian_peafowl,0.3175
2025-10-22 09_15.wav,1175.0,1180.0,Spotted_dove,0.2675
2025-10-22 09_15.wav,1177.5,1182.5,Indian_peafowl,0.32
2025-10-22 09_15.wav,1180.0,1185.0,Asian_green_bee_eater,0.235
2025-10-22 09_15.wav,1182.5,1187.5,Indian_peafowl,0.185
2025-10-22 09_15.wav,1185.0,1190.0,Indian_peafowl,0.1825
2025-10-22 09_15.wav,1187.5,1192.5,Ashy_Prinia,0.15
2025-10-22 09_15.wav,1190.0,1195.0,Ashy_Prinia,0.2575
2025-10-22 09_15.wav,1192.5,1197.5,Ashy_Prinia,0.255
2025-10-22 09_15.wav,1195.0,1200.0,Indian_peafowl,0.2625
2025-10-22 09_15.wav,1197.5,1202.5,Ashy_Prinia,0.2825
2025-10-22 09_15.wav,1200.0,1205.0,Ashy_Prinia,0.33
2025-10-22 09_15.wav,1202.5,1207.5,Ashy_Prinia,0.335
2025-10-22 09_15.wav,1205.0,1210.0,Ashy_Prinia,0.3375
2025-10-22 09_15.wav,1207.5,1212.5,Ashy_Prinia,0.3125
2025-10-22 09_15.wav,1210.0,1215.0,Ashy_Prinia,0.26
2025-10-22 09_15.wav,1212.5,1217.5,Ashy_Prinia,0.3025
2025-10-22 09_15.wav,1215.0,1220.0,Ashy_Prinia,0.2325
2025-10-22 09_15.wav,1217.5,1222.5,Ashy_Prinia,0.2425
2025-10-22 09_15.wav,1220.0,1225.0,Ashy_Prinia,0.2375
2025-10-22 09_15.wav,1222.5,1227.5,Ashy_Prinia,0.22
2025-10-22 09_15.wav,1225.0,1230.0,Ashy_Prinia,0.195
2025-10-22 09_15.wav,1227.5,1232.5,Indian_peafowl,0.22
2025-10-22 09_15.wav,1230.0,1235.0,Indian_peafowl,0.2225
2025-10-22 09_15.wav,1232.5,1237.5,Indian_peafowl,0.205
2025-10-22 09_15.wav,1235.0,1240.0,Indian_peafowl,0.225
2025-10-22 09_15.wav,1237.5,1242.5,Indian_peafowl,0.2025
2025-10-22 09_15.wav,1240.0,1245.0,Indian_peafowl,0.205
2025-10-22 09_15.wav,1242.5,1247.5,Indian_peafowl,0.185
2025-10-22 09_15.wav,1245.0,1250.0,Indian_peafowl,0.1825
2025-10-22 09_15.wav,1247.5,1252.5,Indian_peafowl,0.185
2025-10-22 09_15.wav,1250.0,1255.0,Indian_peafowl,0.175
2025-10-22 09_15.wav,1252.5,1257.5,Indian_peafowl,0.2
2025-10-22 09_15.wav,1255.0,1260.0,Indian_peafowl,0.1825
2025-10-22 09_15.wav,1257.5,1262.5,Indian_peafowl,0.21
2025-10-22 09_15.wav,1260.0,1265.0,Indian_peafowl,0.205
2025-10-22 09_15.wav,1262.5,1267.5,Indian_peafowl,0.22
2025-10-22 09_15.wav,1265.0,1270.0,Indian_peafowl,0.2325
2025-10-22 09_15.wav,1267.5,1272.5,Indian_peafowl,0.1825
2025-10-22 09_15.wav,1270.0,1275.0,Indian_peafowl,0.17
2025-10-22 09_15.wav,1272.5,1277.5,Indian_peafowl,0.1725
2025-10-22 09_15.wav,1275.0,1280.0,Indian_peafowl,0.185
2025-10-22 09_15.wav,1277.5,1282.5,Indian_peafowl,0.23
2025-10-22 09_15.wav,1280.0,1285.0,Indian_peafowl,0.1975
2025-10-22 09_15.wav,1282.5,1287.5,Indian_peafowl,0.2125
2025-10-22 09_15.wav,1285.0,1290.0,Indian_peafowl,0.2025
2025-10-22 09_15.wav,1287.5,1292.5,Indian_peafowl,0.215
2025-10-22 09_15.wav,1290.0,1295.0,Indian_peafowl,0.23
2025-10-22 09_15.wav,1292.5,1297.5,Grey_francolin,0.19
2025-10-22 09_15.wav,1295.0,1300.0,Asian_green_bee_eater,0.53
2025-10-22 09_15.wav,1297.5,1302.5,Asian_green_bee_eater,0.5725
2025-10-22 09_15.wav,1300.0,1305.0,Asian_green_bee_eater,0.355
2025-10-22 09_15.wav,1302.5,1307.5,Indian_peafowl,0.205
2025-10-22 09_15.wav,1305.0,1310.0,Indian_peafowl,0.2025
2025-10-22 09_15.wav,1307.5,1312.5,Indian_peafowl,0.2
2025-10-22 09_15.wav,1310.0,1315.0,Asian_green_bee_eater,0.205
2025-10-22 09_15.wav,1312.5,1317.5,Asian_green_bee_eater,0.3175
2025-10-22 09_15.wav,1315.0,1320.0,Asian_green_bee_eater,0.4125
2025-10-22 09_15.wav,1317.5,1322.5,Asian_green_bee_eater,0.355
2025-10-22 09_15.wav,1320.0,1325.0,Asian_green_bee_eater,0.315
2025-10-22 09_15.wav,1322.5,1327.5,Asian_green_bee_eater,0.4875
2025-10-22 09_15.wav,1325.0,1330.0,Asian_green_bee_eater,0.4925
2025-10-22 09_15.wav,1327.5,1332.5,Asian_green_bee_eater,0.475
2025-10-22 09_15.wav,1330.0,1335.0,Asian_green_bee_eater,0.2
2025-10-22 09_15.wav,1332.5,1337.5,Asian_green_bee_eater,0.2025
2025-10-22 09_15.wav,1335.0,1340.0,Asian_green_bee_eater,0.3725
2025-10-22 09_15.wav,1337.5,1342.5,Asian_green_bee_eater,0.5775
2025-10-22 09_15.wav,1340.0,1345.0,Asian_green_bee_eater,0.5625
2025-10-22 09_15.wav,1342.5,1347.5,Asian_green_bee_eater,0.5725
2025-10-22 09_15.wav,1345.0,1350.0,Asian_green_bee_eater,0.515
2025-10-22 09_15.wav,1347.5,1352.5,Asian_green_bee_eater,0.5075
2025-10-22 09_15.wav,1350.0,1355.0,Asian_green_bee_eater,0.45
2025-10-22 09_15.wav,1352.5,1357.5,Indian_peafowl,0.1975
2025-10-22 09_15.wav,1355.0,1360.0,Asian_green_bee_eater,0.485
2025-10-22 09_15.wav,1357.5,1362.5,Asian_green_bee_eater,0.28
2025-10-22 09_15.wav,1360.0,1365.0,Asian_green_bee_eater,0.295
2025-10-22 09_15.wav,1362.5,1367.5,Asian_green_bee_eater,0.54
2025-10-22 09_15.wav,1365.0,1370.0,Ashy_Prinia,0.17
2025-10-22 09_15.wav,1367.5,1372.5,Ashy_Prinia,0.15
2025-10-22 09_15.wav,1370.0,1375.0,Asian_green_bee_eater,0.2375
2025-10-22 09_15.wav,1372.5,1377.5,Asian_green_bee_eater,0.505
2025-10-22 09_15.wav,1375.0,1380.0,Asian_green_bee_eater,0.54
2025-10-22 09_15.wav,1377.5,1382.5,Asian_green_bee_eater,0.3675
2025-10-22 09_15.wav,1380.0,1385.0,Asian_green_bee_eater,0.2975
2025-10-22 09_15.wav,1382.5,1387.5,Indian_peafowl,0.23
2025-10-22 09_15.wav,1385.0,1390.0,Indian_peafowl,0.225
2025-10-22 09_15.wav,1387.5,1392.5,Indian_peafowl,0.2175
2025-10-22 09_15.wav,1390.0,1395.0,Indian_peafowl,0.185
2025-10-22 09_15.wav,1392.5,1397.5,Asian_green_bee_eater,0.27
2025-10-22 09_15.wav,1395.0,1400.0,Asian_green_bee_eater,0.3325
2025-10-22 09_15.wav,1397.5,1402.5,Indian_peafowl,0.1675
2025-10-22 09_15.wav,1400.0,1405.0,Indian_peafowl,0.17
2025-10-22 09_15.wav,1402.5,1407.5,Asian_green_bee_eater,0.29
2025-10-22 09_15.wav,1405.0,1410.0,Asian_green_bee_eater,0.1875
2025-10-22 09_15.wav,1407.5,1412.5,Asian_green_bee_eater,0.2075
2025-10-22 09_15.wav,1410.0,1415.0,Indian_peafowl,0.1775
2025-10-22 09_15.wav,1412.5,1417.5,Indian_peafowl,0.235
2025-10-22 09_15.wav,1415.0,1420.0,Indian_peafowl,0.275
2025-10-22 09_15.wav,1417.5,1422.5,Indian_peafowl,0.3225
2025-10-22 09_15.wav,1420.0,1425.0,Indian_peafowl,0.34
2025-10-22 09_15.wav,1422.5,1427.5,Indian_peafowl,0.3025
2025-10-22 09_15.wav,1425.0,1430.0,Indian_peafowl,0.25
2025-10-22 09_15.wav,1427.5,1432.5,Indian_peafowl,0.26
2025-10-22 09_15.wav,1430.0,1435.0,Indian_peafowl,0.3175
2025-10-22 09_15.wav,1432.5,1437.5,Spotted_dove,0.3325
2025-10-22 09_15.wav,1435.0,1440.0,Spotted_dove,0.2925
2025-10-22 09_15.wav,1437.5,1442.5,Ashy_Prinia,0.2425
2025-10-22 09_15.wav,1440.0,1445.0,Grey_francolin,0.165
2025-10-22 09_15.wav,1442.5,1447.5,Indian_peafowl,0.225
2025-10-22 09_15.wav,1445.0,1450.0,Indian_peafowl,0.2325
2025-10-22 09_15.wav,1447.5,1452.5,Indian_peafowl,0.2925
2025-10-22 09_15.wav,1450.0,1455.0,Asian_green_bee_eater,0.2825
2025-10-22 09_15.wav,1452.5,1457.5,Asian_green_bee_eater,0.37
2025-10-22 09_15.wav,1455.0,1460.0,Asian_green_bee_eater,0.2475
2025-10-22 09_15.wav,1457.5,1462.5,Asian_green_bee_eater,0.44
2025-10-22 09_15.wav,1460.0,1465.0,Asian_green_bee_eater,0.51
2025-10-22 09_15.wav,1462.5,1467.5,Asian_green_bee_eater,0.5025
2025-10-22 09_15.wav,1465.0,1470.0,Asian_green_bee_eater,0.4975
2025-10-22 09_15.wav,1467.5,1472.5,Asian_green_bee_eater,0.47
2025-10-22 09_15.wav,1470.0,1475.0,Asian_green_bee_eater,0.43
2025-10-22 09_15.wav,1472.5,1477.5,Asian_green_bee_eater,0.415
2025-10-22 09_15.wav,1475.0,1480.0,Indian_peafowl,0.2725
2025-10-22 09_15.wav,1477.5,1482.5,Indian_peafowl,0.26
2025-10-22 09_15.wav,1480.0,1485.0,Asian_green_bee_eater,0.4925
2025-10-22 09_15.wav,1482.5,1487.5,Asian_green_bee_eater,0.45
2025-10-22 09_15.wav,1485.0,1490.0,Asian_green_bee_eater,0.375
2025-10-22 09_15.wav,1487.5,1492.5,Asian_green_bee_eater,0.365
2025-10-22 09_15.wav,1490.0,1495.0,Asian_green_bee_eater,0.395
2025-10-22 09_15.wav,1492.5,1497.5,Asian_green_bee_eater,0.275
2025-10-22 09_15.wav,1495.0,1500.0,Asian_green_bee_eater,0.3325
2025-10-22 09_15.wav,1497.5,1502.5,Ashy_Prinia,0.2175
2025-10-22 09_15.wav,1500.0,1505.0,Ashy_Prinia,0.195
2025-10-22 09_15.wav,1502.5,1507.5,Indian_peafowl,0.26
2025-10-22 09_15.wav,1505.0,1510.0,Asian_green_bee_eater,0.4425
2025-10-22 09_15.wav,1507.5,1512.5,Asian_green_bee_eater,0.4825
2025-10-22 09_15.wav,1510.0,1515.0,Asian_green_bee_eater,0.5725
2025-10-22 09_15.wav,1512.5,1517.5,Asian_green_bee_eater,0.345
2025-10-22 09_15.wav,1515.0,1520.0,Indian_peafowl,0.29
2025-10-22 09_15.wav,1517.5,1522.5,Indian_peafowl,0.2925
2025-10-22 09_15.wav,1520.0,1525.0,Indian_peafowl,0.255
2025-10-22 09_15.wav,1522.5,1527.5,Indian_peafowl,0.195
2025-10-22 09_15.wav,1525.0,1530.0,Indian_peafowl,0.265
2025-10-22 09_15.wav,1527.5,1532.5,Indian_peafowl,0.255
2025-10-22 09_15.wav,1530.0,1535.0,Indian_peafowl,0.2
2025-10-22 09_15.wav,1532.5,1537.5,Ashy_Prinia,0.2175
2025-10-22 09_15.wav,1535.0,1540.0,Indian_peafowl,0.2525
2025-10-22 09_15.wav,1537.5,1542.5,Indian_peafowl,0.335
2025-10-22 09_15.wav,1540.0,1545.0,Indian_peafowl,0.24
2025-10-22 09_15.wav,1542.5,1547.5,Indian_peafowl,0.19
2025-10-22 09_15.wav,1545.0,1550.0,Indian_peafowl,0.215
2025-10-22 09_15.wav,1547.5,1552.5,Ashy_Prinia,0.2175
2025-10-22 09_15.wav,1550.0,1555.0,Indian_peafowl,0.2625
2025-10-22 09_15.wav,1552.5,1557.5,Spotted_dove,0.3
2025-10-22 09_15.wav,1555.0,1560.0,Indian_peafowl,0.255
2025-10-22 09_15.wav,1557.5,1562.5,Indian_peafowl,0.2375
2025-10-22 09_15.wav,1560.0,1565.0,Spotted_dove,0.235
2025-10-22 09_15.wav,1562.5,1567.5,Spotted_dove,0.2475
2025-10-22 09_15.wav,1565.0,1570.0,Asian_green_bee_eater,0.2325
2025-10-22 09_15.wav,1567.5,1572.5,Indian_peafowl,0.2525
2025-10-22 09_15.wav,1570.0,1575.0,Indian_peafowl,0.2375
2025-10-22 09_15.wav,1572.5,1577.5,Indian_peafowl,0.2625
2025-10-22 09_15.wav,1575.0,1580.0,Spotted_dove,0.285
2025-10-22 09_15.wav,1577.5,1582.5,Indian_peafowl,0.285
2025-10-22 09_15.wav,1580.0,1585.0,Indian_peafowl,0.3
2025-10-22 09_15.wav,1582.5,1587.5,Spotted_dove,0.2525
2025-10-22 09_15.wav,1585.0,1590.0,Spotted_dove,0.265
2025-10-22 09_15.wav,1587.5,1592.5,Indian_peafowl,0.31
2025-10-22 09_15.wav,1590.0,1595.0,Indian_peafowl,0.29
2025-10-22 09_15.wav,1592.5,1597.5,Indian_peafowl,0.2775
2025-10-22 09_15.wav,1595.0,1600.0,Indian_peafowl,0.235
2025-10-22 09_15.wav,1597.5,1602.5,Indian_peafowl,0.305
2025-10-22 09_15.wav,1600.0,1605.0,Indian_peafowl,0.3025
2025-10-22 09_15.wav,1602.5,1607.5,Indian_peafowl,0.255
2025-10-22 09_15.wav,1605.0,1610.0,Indian_peafowl,0.2325
2025-10-22 09_15.wav,1607.5,1612.5,Asian_green_bee_eater,0.22
2025-10-22 09_15.wav,1610.0,1615.0,Asian_green_bee_eater,0.3875
2025-10-22 09_15.wav,1612.5,1617.5,Asian_green_bee_eater,0.2825
2025-10-22 09_15.wav,1615.0,1620.0,Asian_green_bee_eater,0.27
2025-10-22 09_15.wav,1617.5,1622.5,Asian_green_bee_eater,0.2575
2025-10-22 09_15.wav,1620.0,1625.0,Asian_green_bee_eater,0.22
2025-10-22 09_15.wav,1622.5,1627.5,Asian_green_bee_eater,0.2825
2025-10-22 09_15.wav,1625.0,1630.0,Asian_green_bee_eater,0.25
2025-10-22 09_15.wav,1627.5,1632.5,Indian_peafowl,0.2075
2025-10-22 09_15.wav,1630.0,1635.0,Indian_peafowl,0.2225
2025-10-22 09_15.wav,1632.5,1637.5,Indian_peafowl,0.2075
2025-10-22 09_15.wav,1635.0,1640.0,Indian_peafowl,0.1875
2025-10-22 09_15.wav,1637.5,1642.5,Indian_peafowl,0.18
2025-10-22 09_15.wav,1640.0,1645.0,Indian_peafowl,0.2575
2025-10-22 09_15.wav,1642.5,1647.5,Indian_peafowl,0.2575
2025-10-22 09_15.wav,1645.0,1650.0,Indian_peafowl,0.285
2025-10-22 09_15.wav,1647.5,1652.5,Indian_peafowl,0.3275
2025-10-22 09_15.wav,1650.0,1655.0,Indian_peafowl,0.3525
2025-10-22 09_15.wav,1652.5,1657.5,Asian_green_bee_eater,0.6225
2025-10-22 09_15.wav,1655.0,1660.0,Asian_green_bee_eater,0.6225
2025-10-22 09_15.wav,1657.5,1662.5,Indian_peafowl,0.35
2025-10-22 09_15.wav,1660.0,1665.0,Indian_peafowl,0.33
2025-10-22 09_15.wav,1662.5,1667.5,Indian_peafowl,0.2675
2025-10-22 09_15.wav,1665.0,1670.0,Indian_peafowl,0.255
2025-10-22 09_15.wav,1667.5,1672.5,Indian_peafowl,0.2275
2025-10-22 09_15.wav,1670.0,1675.0,Indian_peafowl,0.24
2025-10-22 09_15.wav,1672.5,1677.5,Indian_peafowl,0.2275
2025-10-22 09_15.wav,1675.0,1680.0,Indian_peafowl,0.2175
2025-10-22 09_15.wav,1677.5,1682.5,Indian_peafowl,0.225
2025-10-22 09_15.wav,1680.0,1685.0,Indian_peafowl,0.205
2025-10-22 09_15.wav,1682.5,1687.5,Indian_peafowl,0.19
2025-10-22 09_15.wav,1685.0,1690.0,Asian_green_bee_eater,0.24
2025-10-22 09_15.wav,1687.5,1692.5,Asian_green_bee_eater,0.35
2025-10-22 09_15.wav,1690.0,1695.0,Indian_peafowl,0.23
2025-10-22 09_15.wav,1692.5,1697.5,Indian_peafowl,0.2325
2025-10-22 09_15.wav,1695.0,1700.0,Indian_peafowl,0.22
2025-10-22 09_15.wav,1697.5,1702.5,Asian_green_bee_eater,0.2575
2025-10-22 09_15.wav,1700.0,1705.0,Indian_peafowl,0.2425
2025-10-22 09_15.wav,1702.5,1707.5,Indian_peafowl,0.26
2025-10-22 09_15.wav,1705.0,1710.0,Indian_peafowl,0.225
2025-10-22 09_15.wav,1707.5,1712.5,Spotted_dove,0.235
2025-10-22 09_15.wav,1710.0,1715.0,Spotted_dove,0.235
2025-10-22 09_15.wav,1712.5,1717.5,Spotted_dove,0.2375
2025-10-22 09_15.wav,1715.0,1720.0,Indian_peafowl,0.2725
2025-10-22 09_15.wav,1717.5,1722.5,Indian_peafowl,0.2675
2025-10-22 09_15.wav,1720.0,1725.0,Indian_peafowl,0.2225
2025-10-22 09_15.wav,1722.5,1727.5,Indian_peafowl,0.2675
2025-10-22 09_15.wav,1725.0,1730.0,Indian_peafowl,0.2625
2025-10-22 09_15.wav,1727.5,1732.5,Asian_green_bee_eater,0.3025
2025-10-22 09_15.wav,1730.0,1735.0,Indian_peafowl,0.2575
2025-10-22 09_15.wav,1732.5,1737.5,Indian_peafowl,0.2775
2025-10-22 09_15.wav,1735.0,1740.0,Indian_peafowl,0.295
2025-10-22 09_15.wav,1737.5,1742.5,Indian_peafowl,0.3275
2025-10-22 09_15.wav,1740.0,1745.0,Spotted_dove,0.27
2025-10-22 09_15.wav,1742.5,1747.5,Spotted_dove,0.2675
2025-10-22 09_15.wav,1745.0,1750.0,Indian_peafowl,0.2775
2025-10-22 09_15.wav,1747.5,1752.5,Indian_peafowl,0.2
2025-10-22 09_15.wav,1750.0,1755.0,Indian_peafowl,0.205
2025-10-22 09_15.wav,1752.5,1757.5,Indian_peafowl,0.1825
2025-10-22 09_15.wav,1755.0,1760.0,Indian_peafowl,0.18
2025-10-22 09_15.wav,1757.5,1762.5,Gray-breasted_prinia,0.1775
2025-10-22 09_15.wav,1760.0,1765.0,Grey_francolin,0.195
2025-10-22 09_15.wav,1762.5,1767.5,Indian_peafowl,0.22
2025-10-22 09_15.wav,1765.0,1770.0,Indian_peafowl,0.195
2025-10-22 09_15.wav,1767.5,1772.5,Indian_peafowl,0.195
2025-10-22 09_15.wav,1770.0,1775.0,Indian_peafowl,0.235
2025-10-22 09_15.wav,1772.5,1777.5,Indian_peafowl,0.225
2025-10-22 09_15.wav,1775.0,1780.0,Indian_peafowl,0.2125
2025-10-22 09_15.wav,1777.5,1782.5,Asian_green_bee_eater,0.3425
2025-10-22 09_15.wav,1780.0,1785.0,Indian_peafowl,0.2075
2025-10-22 09_15.wav,1782.5,1787.5,Indian_peafowl,0.2475
2025-10-22 09_15.wav,1785.0,1790.0,Indian_peafowl,0.1825
2025-10-22 09_15.wav,1787.5,1792.5,Indian_peafowl,0.205
2025-10-22 09_15.wav,1790.0,1795.0,Indian_peafowl,0.22
2025-10-22 09_15.wav,1792.5,1797.5,Indian_peafowl,0.2275
2025-10-22 09_15.wav,1795.0,1800.0,Indian_peafowl,0.2275
2025-10-22 09_15.wav,1797.5,1802.5,Indian_peafowl,0.24
2025-10-22 09_15.wav,1800.0,1805.0,Indian_peafowl,0.2375
2025-10-22 09_15.wav,1802.5,1807.5,Asian_green_bee_eater,0.245
2025-10-22 09_15.wav,1805.0,1810.0,Indian_peafowl,0.2075
2025-10-22 09_15.wav,1807.5,1812.5,Indian_peafowl,0.1975
2025-10-22 09_15.wav,1810.0,1815.0,Indian_peafowl,0.1625
2025-10-22 09_15.wav,1812.5,1817.5,Indian_peafowl,0.235
2025-10-22 09_15.wav,1815.0,1820.0,Indian_peafowl,0.2625
2025-10-22 09_15.wav,1817.5,1822.5,Indian_peafowl,0.275
2025-10-22 09_15.wav,1820.0,1825.0,Indian_peafowl,0.3025
2025-10-22 09_15.wav,1822.5,1827.5,Indian_peafowl,0.28
2025-10-22 09_15.wav,1825.0,1830.0,Asian_green_bee_eater,0.2325
2025-10-22 09_15.wav,1827.5,1832.5,Indian_peafowl,0.255
2025-10-22 09_15.wav,1830.0,1835.0,Indian_peafowl,0.2725
2025-10-22 09_15.wav,1832.5,1837.5,Asian_green_bee_eater,0.245
2025-10-22 09_15.wav,1835.0,1840.0,Indian_peafowl,0.2175
2025-10-22 09_15.wav,1837.5,1842.5,Indian_peafowl,0.26
2025-10-22 09_15.wav,1840.0,1845.0,Indian_peafowl,0.2325
2025-10-22 09_15.wav,1842.5,1847.5,Indian_peafowl,0.1975
2025-10-22 09_15.wav,1845.0,1850.0,Indian_peafowl,0.265
2025-10-22 09_15.wav,1847.5,1852.5,Indian_peafowl,0.2375
2025-10-22 09_15.wav,1850.0,1855.0,Indian_peafowl,0.2975
2025-10-22 09_15.wav,1852.5,1857.5,Indian_peafowl,0.3075
2025-10-22 09_15.wav,1855.0,1860.0,Indian_peafowl,0.2475
2025-10-22 09_15.wav,1857.5,1862.5,Indian_peafowl,0.215
2025-10-22 09_15.wav,1860.0,1865.0,Indian_peafowl,0.215
2025-10-22 09_15.wav,1862.5,1867.5,Indian_peafowl,0.2575
2025-10-22 09_15.wav,1865.0,1870.0,Indian_peafowl,0.2425
2025-10-22 09_15.wav,1867.5,1872.5,Indian_peafowl,0.2125
2025-10-22 09_15.wav,1870.0,1875.0,Indian_peafowl,0.19
2025-10-22 09_15.wav,1872.5,1877.5,Asian_green_bee_eater,0.1725
2025-10-22 09_15.wav,1875.0,1880.0,Indian_peafowl,0.1775
2025-10-22 09_15.wav,1877.5,1882.5,Indian_peafowl,0.16
2025-10-22 09_15.wav,1880.0,1885.0,Indian_peafowl,0.19
2025-10-22 09_15.wav,1882.5,1887.5,Indian_peafowl,0.1975
2025-10-22 09_15.wav,1885.0,1890.0,Indian_peafowl,0.2575
2025-10-22 09_15.wav,1887.5,1892.5,Indian_peafowl,0.1775
2025-10-22 09_15.wav,1890.0,1895.0,Asian_green_bee_eater,0.165
2025-10-22 09_15.wav,1892.5,1897.5,Asian_green_bee_eater,0.2525
2025-10-22 09_15.wav,1895.0,1900.0,Indian_peafowl,0.185
2025-10-22 09_15.wav,1897.5,1902.5,Indian_peafowl,0.2125
2025-10-22 09_15.wav,1900.0,1905.0,Indian_peafowl,0.1775
2025-10-22 09_15.wav,1902.5,1907.5,Asian_green_bee_eater,0.195
2025-10-22 09_15.wav,1905.0,1910.0,Indian_peafowl,0.2025
2025-10-22 09_15.wav,1907.5,1912.5,Indian_peafowl,0.21
2025-10-22 09_15.wav,1910.0,1915.0,Indian_peafowl,0.2075
2025-10-22 09_15.wav,1912.5,1917.5,Indian_peafowl,0.225
2025-10-22 09_15.wav,1915.0,1920.0,Indian_peafowl,0.3125
2025-10-22 09_15.wav,1917.5,1922.5,Indian_peafowl,0.3425
2025-10-22 09_15.wav,1920.0,1925.0,Indian_peafowl,0.34
2025-10-22 09_15.wav,1922.5,1927.5,Indian_peafowl,0.3125
2025-10-22 09_15.wav,1925.0,1930.0,Indian_peafowl,0.28
2025-10-22 09_15.wav,1927.5,1932.5,Indian_peafowl,0.285
2025-10-22 09_15.wav,1930.0,1935.0,Spotted_dove,0.2475
2025-10-22 09_15.wav,1932.5,1937.5,Spotted_dove,0.2925
2025-10-22 09_15.wav,1935.0,1940.0,Spotted_dove,0.3225
2025-10-22 09_15.wav,1937.5,1942.5,Spotted_dove,0.345
2025-10-22 09_15.wav,1940.0,1945.0,Spotted_dove,0.355
2025-10-22 09_15.wav,1942.5,1947.5,Indian_peafowl,0.305
2025-10-22 09_15.wav,1945.0,1950.0,Indian_peafowl,0.335
2025-10-22 09_15.wav,1947.5,1952.5,Indian_peafowl,0.31
2025-10-22 09_15.wav,1950.0,1955.0,Indian_peafowl,0.28
2025-10-22 09_15.wav,1952.5,1957.5,Indian_peafowl,0.29
2025-10-22 09_15.wav,1955.0,1960.0,Indian_peafowl,0.295
2025-10-22 09_15.wav,1957.5,1962.5,Indian_peafowl,0.305
2025-10-22 09_15.wav,1960.0,1965.0,Indian_peafowl,0.325
2025-10-22 09_15.wav,1962.5,1967.5,Indian_peafowl,0.32
2025-10-22 09_15.wav,1965.0,1970.0,Indian_peafowl,0.3125
2025-10-22 09_15.wav,1967.5,1972.5,Indian_peafowl,0.3225
2025-10-22 09_15.wav,1970.0,1975.0,Indian_peafowl,0.2875
2025-10-22 09_15.wav,1972.5,1977.5,Indian_peafowl,0.25
2025-10-22 09_15.wav,1975.0,1980.0,Indian_peafowl,0.2275
2025-10-22 09_15.wav,1977.5,1982.5,Indian_peafowl,0.2425
2025-10-22 09_15.wav,1980.0,1985.0,Indian_peafowl,0.2575
2025-10-22 09_15.wav,1982.5,1987.5,Indian_peafowl,0.29
2025-10-22 09_15.wav,1985.0,1990.0,Indian_peafowl,0.2525
2025-10-22 09_15.wav,1987.5,1992.5,Indian_peafowl,0.23
2025-10-22 09_15.wav,1990.0,1995.0,Indian_peafowl,0.245
2025-10-22 09_15.wav,1992.5,1997.5,Indian_peafowl,0.2475
2025-10-22 09_15.wav,1995.0,2000.0,Indian_peafowl,0.265
2025-10-22 09_15.wav,1997.5,2002.5,Asian_green_bee_eater,0.285
2025-10-22 09_15.wav,2000.0,2005.0,Asian_green_bee_eater,0.4075
2025-10-22 09_15.wav,2002.5,2007.5,Asian_green_bee_eater,0.4175
2025-10-22 09_15.wav,2005.0,2010.0,Asian_green_bee_eater,0.4
2025-10-22 09_15.wav,2007.5,2012.5,Asian_green_bee_eater,0.4525
2025-10-22 09_15.wav,2010.0,2015.0,Asian_green_bee_eater,0.23
2025-10-22 09_15.wav,2012.5,2017.5,Indian_peafowl,0.2025
2025-10-22 09_15.wav,2015.0,2020.0,Indian_peafowl,0.285
2025-10-22 09_15.wav,2017.5,2022.5,Indian_peafowl,0.285
2025-10-22 09_15.wav,2020.0,2025.0,Indian_peafowl,0.225
2025-10-22 09_15.wav,2022.5,2027.5,Asian_green_bee_eater,0.2375
2025-10-22 09_15.wav,2025.0,2030.0,Indian_peafowl,0.2425
2025-10-22 09_15.wav,2027.5,2032.5,Indian_peafowl,0.2675
2025-10-22 09_15.wav,2030.0,2035.0,Indian_peafowl,0.2325
2025-10-22 09_15.wav,2032.5,2037.5,Indian_peafowl,0.225
2025-10-22 09_15.wav,2035.0,2040.0,Indian_peafowl,0.26
2025-10-22 09_15.wav,2037.5,2042.5,Asian_green_bee_eater,0.2125
2025-10-22 09_15.wav,2040.0,2045.0,Asian_green_bee_eater,0.29
2025-10-22 09_15.wav,2042.5,2047.5,Asian_green_bee_eater,0.2875
2025-10-22 09_15.wav,2045.0,2050.0,Asian_green_bee_eater,0.2325
2025-10-22 09_15.wav,2047.5,2052.5,Spotted_dove,0.195
2025-10-22 09_15.wav,2050.0,2055.0,Spotted_dove,0.195
2025-10-22 09_15.wav,2052.5,2057.5,Indian_peafowl,0.2625
2025-10-22 09_15.wav,2055.0,2060.0,Indian_peafowl,0.24
2025-10-22 09_15.wav,2057.5,2062.5,Indian_peafowl,0.2575
2025-10-22 09_15.wav,2060.0,2065.0,Spotted_dove,0.255
2025-10-22 09_15.wav,2062.5,2067.5,Asian_green_bee_eater,0.27
2025-10-22 09_15.wav,2065.0,2070.0,Asian_green_bee_eater,0.235
2025-10-22 09_15.wav,2067.5,2072.5,Indian_peafowl,0.2125
2025-10-22 09_15.wav,2070.0,2075.0,Asian_green_bee_eater,0.2525
2025-10-22 09_15.wav,2072.5,2077.5,Asian_green_bee_eater,0.2875
2025-10-22 09_15.wav,2075.0,2080.0,Indian_peafowl,0.2125
2025-10-22 09_15.wav,2077.5,2082.5,Indian_peafowl,0.2175
2025-10-22 09_15.wav,2080.0,2085.0,Indian_peafowl,0.205
2025-10-22 09_15.wav,2082.5,2087.5,Indian_peafowl,0.1925
2025-10-22 09_15.wav,2085.0,2090.0,Indian_peafowl,0.2225
2025-10-22 09_15.wav,2087.5,2092.5,Indian_peafowl,0.27
2025-10-22 09_15.wav,2090.0,2095.0,Indian_peafowl,0.2775
2025-10-22 09_15.wav,2092.5,2097.5,Indian_peafowl,0.2725
2025-10-22 09_15.wav,2095.0,2100.0,Indian_peafowl,0.265
2025-10-22 09_15.wav,2097.5,2102.5,Spotted_dove,0.23
2025-10-22 09_15.wav,2100.0,2105.0,Indian_peafowl,0.23
2025-10-22 09_15.wav,2102.5,2107.5,Indian_peafowl,0.22
2025-10-22 09_15.wav,2105.0,2110.0,Indian_peafowl,0.2425
2025-10-22 09_15.wav,2107.5,2112.5,Indian_peafowl,0.2275
2025-10-22 09_15.wav,2110.0,2115.0,Indian_peafowl,0.235
2025-10-22 09_15.wav,2112.5,2117.5,Asian_green_bee_eater,0.1925
2025-10-22 09_15.wav,2115.0,2120.0,Asian_green_bee_eater,0.41
2025-10-22 09_15.wav,2117.5,2122.5,Asian_green_bee_eater,0.415
2025-10-22 09_15.wav,2120.0,2125.0,Asian_green_bee_eater,0.3625
2025-10-22 09_15.wav,2122.5,2127.5,Asian_green_bee_eater,0.43
2025-10-22 09_15.wav,2125.0,2130.0,Asian_green_bee_eater,0.2775
2025-10-22 09_15.wav,2127.5,2132.5,Asian_green_bee_eater,0.2775
2025-10-22 09_15.wav,2130.0,2135.0,Asian_green_bee_eater,0.185
2025-10-22 09_15.wav,2132.5,2137.5,Indian_peafowl,0.2425
2025-10-22 09_15.wav,2135.0,2140.0,Indian_peafowl,0.27
2025-10-22 09_15.wav,2137.5,2142.5,Indian_peafowl,0.2975
2025-10-22 09_15.wav,2140.0,2145.0,Indian_peafowl,0.195
2025-10-22 09_15.wav,2142.5,2147.5,Indian_peafowl,0.2825
2025-10-22 09_15.wav,2145.0,2150.0,Indian_peafowl,0.32
2025-10-22 09_15.wav,2147.5,2152.5,Indian_peafowl,0.31
2025-10-22 09_15.wav,2150.0,2155.0,Indian_peafowl,0.285
2025-10-22 09_15.wav,2152.5,2157.5,Asian_green_bee_eater,0.26
2025-10-22 09_15.wav,2155.0,2160.0,Asian_green_bee_eater,0.295
2025-10-22 09_15.wav,2157.5,2162.5,Asian_green_bee_eater,0.2825
2025-10-22 09_15.wav,2160.0,2165.0,Asian_green_bee_eater,0.21
2025-10-22 09_15.wav,2162.5,2167.5,Asian_green_bee_eater,0.2675
2025-10-22 09_15.wav,2165.0,2170.0,Asian_green_bee_eater,0.3975
2025-10-22 09_15.wav,2167.5,2172.5,Asian_green_bee_eater,0.38
2025-10-22 09_15.wav,2170.0,2175.0,Asian_green_bee_eater,0.27
2025-10-22 09_15.wav,2172.5,2177.5,Asian_green_bee_eater,0.2675
2025-10-22 09_15.wav,2175.0,2180.0,Asian_green_bee_eater,0.33
2025-10-22 09_15.wav,2177.5,2182.5,Asian_green_bee_eater,0.305
2025-10-22 09_15.wav,2180.0,2185.0,Asian_green_bee_eater,0.425
2025-10-22 09_15.wav,2182.5,2187.5,Asian_green_bee_eater,0.435
2025-10-22 09_15.wav,2185.0,2190.0,Asian_green_bee_eater,0.4025
2025-10-22 09_15.wav,2187.5,2192.5,Asian_green_bee_eater,0.405
2025-10-22 09_15.wav,2190.0,2195.0,Asian_green_bee_eater,0.4925
2025-10-22 09_15.wav,2192.5,2197.5,Asian_green_bee_eater,0.4075
2025-10-22 09_15.wav,2195.0,2200.0,Asian_green_bee_eater,0.265
2025-10-22 09_15.wav,2197.5,2202.5,Asian_green_bee_eater,0.1625
2025-10-22 09_15.wav,2200.0,2205.0,Indian_peafowl,0.1875
2025-10-22 09_15.wav,2202.5,2207.5,Indian_peafowl,0.1775
2025-10-22 09_15.wav,2205.0,2210.0,Asian_green_bee_eater,0.1725
2025-10-22 09_15.wav,2207.5,2212.5,Indian_peafowl,0.1475
2025-10-22 09_15.wav,2210.0,2215.0,Ashy_Prinia,0.1575
2025-10-22 09_15.wav,2212.5,2217.5,Indian_peafowl,0.1575
2025-10-22 09_15.wav,2215.0,2220.0,Asian_green_bee_eater,0.2625
2025-10-22 09_15.wav,2217.5,2222.5,Asian_green_bee_eater,0.245
2025-10-22 09_15.wav,2220.0,2225.0,Indian_peafowl,0.17
2025-10-22 09_15.wav,2222.5,2227.5,Indian_peafowl,0.175
2025-10-22 09_15.wav,2225.0,2230.0,Asian_green_bee_eater,0.205
2025-10-22 09_15.wav,2227.5,2232.5,Indian_peafowl,0.2075
2025-10-22 09_15.wav,2230.0,2235.0,Indian_peafowl,0.2125
2025-10-22 09_15.wav,2232.5,2237.5,Indian_peafowl,0.19
2025-10-22 09_15.wav,2235.0,2240.0,Indian_peafowl,0.2
2025-10-22 09_15.wav,2237.5,2242.5,Asian_green_bee_eater,0.2225
2025-10-22 09_15.wav,2240.0,2245.0,Indian_peafowl,0.1875
2025-10-22 09_15.wav,2242.5,2247.5,Indian_peafowl,0.165
2025-10-22 09_15.wav,2245.0,2250.0,Indian_peafowl,0.2025
2025-10-22 09_15.wav,2247.5,2252.5,Indian_peafowl,0.25
2025-10-22 09_15.wav,2250.0,2255.0,Spotted_dove,0.265
2025-10-22 09_15.wav,2252.5,2257.5,Indian_peafowl,0.2975
2025-10-22 09_15.wav,2255.0,2260.0,Ashy_Prinia,0.2275
2025-10-22 09_15.wav,2257.5,2262.5,Indian_peafowl,0.1875
2025-10-22 09_15.wav,2260.0,2265.0,Ashy_Prinia,0.23
2025-10-22 09_15.wav,2262.5,2267.5,Ashy_Prinia,0.25
2025-10-22 09_15.wav,2265.0,2270.0,Indian_peafowl,0.1725
2025-10-22 09_15.wav,2267.5,2272.5,Asian_green_bee_eater,0.165
2025-10-22 09_15.wav,2270.0,2275.0,Asian_green_bee_eater,0.1575
2025-10-22 09_15.wav,2272.5,2277.5,Asian_green_bee_eater,0.1625
2025-10-22 09_15.wav,2275.0,2280.0,Indian_peafowl,0.17
2025-10-22 09_15.wav,2277.5,2282.5,Indian_peafowl,0.185
2025-10-22 09_15.wav,2280.0,2285.0,Asian_green_bee_eater,0.2175
2025-10-22 09_15.wav,2282.5,2287.5,Asian_green_bee_eater,0.22
2025-10-22 09_15.wav,2285.0,2290.0,Asian_green_bee_eater,0.155
2025-10-22 09_15.wav,2287.5,2292.5,Asian_green_bee_eater,0.1825
2025-10-22 09_15.wav,2290.0,2295.0,Asian_green_bee_eater,0.26
2025-10-22 09_15.wav,2292.5,2297.5,Asian_green_bee_eater,0.19
2025-10-22 09_15.wav,2295.0,2300.0,Asian_green_bee_eater,0.1575
2025-10-22 09_15.wav,2297.5,2302.5,Asian_green_bee_eater,0.215
2025-10-22 09_15.wav,2300.0,2305.0,Asian_green_bee_eater,0.2225
2025-10-22 09_15.wav,2302.5,2307.5,Indian_peafowl,0.185
2025-10-22 09_15.wav,2305.0,2310.0,Indian_peafowl,0.1725
2025-10-22 09_15.wav,2307.5,2312.5,Asian_green_bee_eater,0.3
2025-10-22 09_15.wav,2310.0,2315.0,Asian_green_bee_eater,0.2625
2025-10-22 09_15.wav,2312.5,2317.5,Asian_green_bee_eater,0.3775
2025-10-22 09_15.wav,2315.0,2320.0,Asian_green_bee_eater,0.3725
2025-10-22 09_15.wav,2317.5,2322.5,Asian_green_bee_eater,0.2825
2025-10-22 09_15.wav,2320.0,2325.0,Asian_green_bee_eater,0.245
2025-10-22 09_15.wav,2322.5,2327.5,Asian_green_bee_eater,0.325
2025-10-22 09_15.wav,2325.0,2330.0,Asian_green_bee_eater,0.3675
2025-10-22 09_15.wav,2327.5,2332.5,Asian_green_bee_eater,0.5025
2025-10-22 09_15.wav,2330.0,2335.0,Asian_green_bee_eater,0.3025
2025-10-22 09_15.wav,2332.5,2337.5,Indian_peafowl,0.185
2025-10-22 09_15.wav,2335.0,2340.0,Asian_green_bee_eater,0.2075
2025-10-22 09_15.wav,2337.5,2342.5,Asian_green_bee_eater,0.3675
2025-10-22 09_15.wav,2340.0,2345.0,Asian_green_bee_eater,0.2825
2025-10-22 09_15.wav,2342.5,2347.5,Asian_green_bee_eater,0.25
2025-10-22 09_15.wav,2345.0,2350.0,Asian_green_bee_eater,0.1675
2025-10-22 09_15.wav,2347.5,2352.5,Indian_peafowl,0.1925
2025-10-22 09_15.wav,2350.0,2355.0,Indian_peafowl,0.2725
2025-10-22 09_15.wav,2352.5,2357.5,Indian_peafowl,0.2425
2025-10-22 09_15.wav,2355.0,2360.0,Indian_peafowl,0.19
2025-10-22 09_15.wav,2357.5,2362.5,Asian_green_bee_eater,0.2425
2025-10-22 09_15.wav,2360.0,2365.0,Asian_green_bee_eater,0.44
2025-10-22 09_15.wav,2362.5,2367.5,Asian_green_bee_eater,0.4
2025-10-22 09_15.wav,2365.0,2370.0,Asian_green_bee_eater,0.29
2025-10-22 09_15.wav,2367.5,2372.5,Asian_green_bee_eater,0.345
2025-10-22 09_15.wav,2370.0,2375.0,Asian_green_bee_eater,0.54
2025-10-22 09_15.wav,2372.5,2377.5,Asian_green_bee_eater,0.2925
2025-10-22 09_15.wav,2375.0,2380.0,Asian_green_bee_eater,0.1825
2025-10-22 09_15.wav,2377.5,2382.5,Asian_green_bee_eater,0.2175
2025-10-22 09_15.wav,2380.0,2385.0,Indian_peafowl,0.175
2025-10-22 09_15.wav,2382.5,2387.5,Indian_peafowl,0.2275
2025-10-22 09_15.wav,2385.0,2390.0,Indian_peafowl,0.2025
2025-10-22 09_15.wav,2387.5,2392.5,Asian_green_bee_eater,0.445
2025-10-22 09_15.wav,2390.0,2395.0,Asian_green_bee_eater,0.45
2025-10-22 09_15.wav,2392.5,2397.5,Asian_green_bee_eater,0.4375
2025-10-22 09_15.wav,2395.0,2400.0,Indian_peafowl,0.24
2025-10-22 09_15.wav,2397.5,2402.5,Indian_peafowl,0.3325
2025-10-22 09_15.wav,2400.0,2405.0,Indian_peafowl,0.315
2025-10-22 09_15.wav,2402.5,2407.5,Indian_peafowl,0.2975
2025-10-22 09_15.wav,2405.0,2410.0,Spotted_dove,0.24
2025-10-22 09_15.wav,2407.5,2412.5,Indian_peafowl,0.2825
2025-10-22 09_15.wav,2410.0,2415.0,Asian_green_bee_eater,0.26
2025-10-22 09_15.wav,2412.5,2417.5,Asian_green_bee_eater,0.2575
2025-10-22 09_15.wav,2415.0,2420.0,Asian_green_bee_eater,0.19
2025-10-22 09_15.wav,2417.5,2422.5,Asian_green_bee_eater,0.2775
2025-10-22 09_15.wav,2420.0,2425.0,Indian_peafowl,0.17
2025-10-22 09_15.wav,2422.5,2427.5,Indian_peafowl,0.1925
2025-10-22 09_15.wav,2425.0,2430.0,Indian_peafowl,0.1925
2025-10-22 09_15.wav,2427.5,2432.5,Asian_green_bee_eater,0.2775
2025-10-22 09_15.wav,2430.0,2435.0,Indian_peafowl,0.2
2025-10-22 09_15.wav,2432.5,2437.5,Indian_peafowl,0.29
2025-10-22 09_15.wav,2435.0,2440.0,Indian_peafowl,0.245
2025-10-22 09_15.wav,2437.5,2442.5,Indian_peafowl,0.22
2025-10-22 09_15.wav,2440.0,2445.0,Indian_peafowl,0.1775
2025-10-22 09_15.wav,2442.5,2447.5,Indian_peafowl,0.2075
2025-10-22 09_15.wav,2445.0,2450.0,Asian_green_bee_eater,0.3225
2025-10-22 09_15.wav,2447.5,2452.5,Asian_green_bee_eater,0.295
2025-10-22 09_15.wav,2450.0,2455.0,Asian_green_bee_eater,0.1875
2025-10-22 09_15.wav,2452.5,2457.5,Asian_green_bee_eater,0.185
2025-10-22 09_15.wav,2455.0,2460.0,Indian_peafowl,0.1975
2025-10-22 09_15.wav,2457.5,2462.5,Indian_peafowl,0.205
2025-10-22 09_15.wav,2460.0,2465.0,Indian_peafowl,0.1975
2025-10-22 09_15.wav,2462.5,2467.5,Indian_peafowl,0.1975
2025-10-22 09_15.wav,2465.0,2470.0,Asian_green_bee_eater,0.3525
2025-10-22 09_15.wav,2467.5,2472.5,Asian_green_bee_eater,0.2475
2025-10-22 09_15.wav,2470.0,2475.0,Indian_peafowl,0.1925
2025-10-22 09_15.wav,2472.5,2477.5,Indian_peafowl,0.235
2025-10-22 09_15.wav,2475.0,2480.0,Indian_peafowl,0.3075
2025-10-22 09_15.wav,2477.5,2482.5,Spotted_dove,0.29
2025-10-22 09_15.wav,2480.0,2485.0,Indian_peafowl,0.2725
2025-10-22 09_15.wav,2482.5,2487.5,Spotted_dove,0.2775
2025-10-22 09_15.wav,2485.0,2490.0,Indian_peafowl,0.2925
2025-10-22 09_15.wav,2487.5,2492.5,Indian_peafowl,0.2675
2025-10-22 09_15.wav,2490.0,2495.0,Indian_peafowl,0.25
2025-10-22 09_15.wav,2492.5,2497.5,Indian_peafowl,0.2325
2025-10-22 09_15.wav,2495.0,2500.0,Indian_peafowl,0.2225
2025-10-22 09_15.wav,2497.5,2502.5,Asian_green_bee_eater,0.22
2025-10-22 09_15.wav,2500.0,2505.0,Indian_peafowl,0.2
2025-10-22 09_15.wav,2502.5,2507.5,Asian_green_bee_eater,0.2225
2025-10-22 09_15.wav,2505.0,2510.0,Asian_green_bee_eater,0.33
2025-10-22 09_15.wav,2507.5,2512.5,Asian_green_bee_eater,0.3625
2025-10-22 09_15.wav,2510.0,2515.0,Indian_peafowl,0.2475
2025-10-22 09_15.wav,2512.5,2517.5,Indian_peafowl,0.2725
2025-10-22 09_15.wav,2515.0,2520.0,Indian_peafowl,0.2675
2025-10-22 09_15.wav,2517.5,2522.5,Indian_peafowl,0.3175
2025-10-22 09_15.wav,2520.0,2525.0,Indian_peafowl,0.26
2025-10-22 09_15.wav,2522.5,2527.5,Asian_green_bee_eater,0.2425
2025-10-22 09_15.wav,2525.0,2530.0,Grey_francolin,0.17
2025-10-22 09_15.wav,2527.5,2532.5,Indian_peafowl,0.1775
2025-10-22 09_15.wav,2530.0,2535.0,Indian_peafowl,0.2
2025-10-22 09_15.wav,2532.5,2537.5,Indian_peafowl,0.1875
2025-10-22 09_15.wav,2535.0,2540.0,Indian_peafowl,0.175
2025-10-22 09_15.wav,2537.5,2542.5,Indian_peafowl,0.2175
2025-10-22 09_15.wav,2540.0,2545.0,Indian_peafowl,0.245
2025-10-22 09_15.wav,2542.5,2547.5,Indian_peafowl,0.225
2025-10-22 09_15.wav,2545.0,2550.0,Indian_peafowl,0.3275
2025-10-22 09_15.wav,2547.5,2552.5,Indian_peafowl,0.3075
2025-10-22 09_15.wav,2550.0,2555.0,Indian_peafowl,0.2075
2025-10-22 09_15.wav,2552.5,2557.5,Indian_peafowl,0.205
2025-10-22 09_15.wav,2555.0,2560.0,Indian_peafowl,0.205
2025-10-22 09_15.wav,2557.5,2562.5,Indian_peafowl,0.1925
2025-10-22 09_15.wav,2560.0,2565.0,Asian_green_bee_eater,0.3425
2025-10-22 09_15.wav,2562.5,2567.5,Asian_green_bee_eater,0.445
2025-10-22 09_15.wav,2565.0,2570.0,Asian_green_bee_eater,0.28
2025-10-22 09_15.wav,2567.5,2572.5,Indian_peafowl,0.19
2025-10-22 09_15.wav,2570.0,2575.0,Indian_peafowl,0.2075
2025-10-22 09_15.wav,2572.5,2577.5,Indian_peafowl,0.29
2025-10-22 09_15.wav,2575.0,2580.0,Indian_peafowl,0.2975
2025-10-22 09_15.wav,2577.5,2582.5,Asian_green_bee_eater,0.3375
2025-10-22 09_15.wav,2580.0,2585.0,Asian_green_bee_eater,0.405
2025-10-22 09_15.wav,2582.5,2587.5,Indian_peafowl,0.2375
2025-10-22 09_15.wav,2585.0,2590.0,Indian_peafowl,0.25
2025-10-22 09_15.wav,2587.5,2592.5,Indian_peafowl,0.2575
2025-10-22 09_15.wav,2590.0,2595.0,Indian_peafowl,0.25
2025-10-22 09_15.wav,2592.5,2597.5,Indian_peafowl,0.245
2025-10-22 09_15.wav,2595.0,2600.0,Indian_peafowl,0.255
2025-10-22 09_15.wav,2597.5,2602.5,Indian_peafowl,0.2575
2025-10-22 09_15.wav,2600.0,2605.0,Indian_peafowl,0.2275
2025-10-22 09_15.wav,2602.5,2607.5,Indian_peafowl,0.255
2025-10-22 09_15.wav,2605.0,2610.0,Indian_peafowl,0.2725
2025-10-22 09_15.wav,2607.5,2612.5,Spotted_dove,0.2775
2025-10-22 09_15.wav,2610.0,2615.0,Spotted_dove,0.3
2025-10-22 09_15.wav,2612.5,2617.5,Spotted_dove,0.29
2025-10-22 09_15.wav,2615.0,2620.0,Indian_peafowl,0.2625
2025-10-22 09_15.wav,2617.5,2622.5,Indian_peafowl,0.285
2025-10-22 09_15.wav,2620.0,2625.0,Spotted_dove,0.275
2025-10-22 09_15.wav,2622.5,2627.5,Asian_green_bee_eater,0.255
2025-10-22 09_15.wav,2625.0,2630.0,Asian_green_bee_eater,0.3375
2025-10-22 09_15.wav,2627.5,2632.5,Asian_green_bee_eater,0.4675
2025-10-22 09_15.wav,2630.0,2635.0,Asian_green_bee_eater,0.4675
2025-10-22 09_15.wav,2632.5,2637.5,Asian_green_bee_eater,0.4575
2025-10-22 09_15.wav,2635.0,2640.0,Asian_green_bee_eater,0.4575
2025-10-22 09_15.wav,2637.5,2642.5,Asian_green_bee_eater,0.4575
2025-10-22 09_15.wav,2640.0,2645.0,Asian_green_bee_eater,0.465
2025-10-22 09_15.wav,2642.5,2647.5,Asian_green_bee_eater,0.45
2025-10-22 09_15.wav,2645.0,2650.0,Asian_green_bee_eater,0.4625
2025-10-22 09_15.wav,2647.5,2652.5,Asian_green_bee_eater,0.455
2025-10-22 09_15.wav,2650.0,2655.0,Asian_green_bee_eater,0.4625
2025-10-22 09_15.wav,2652.5,2657.5,Asian_green_bee_eater,0.455
2025-10-22 09_15.wav,2655.0,2660.0,Asian_green_bee_eater,0.4375
2025-10-22 09_15.wav,2657.5,2662.5,Asian_green_bee_eater,0.475
2025-10-22 09_15.wav,2660.0,2665.0,Asian_green_bee_eater,0.4675
2025-10-22 09_15.wav,2662.5,2667.5,Asian_green_bee_eater,0.435
2025-10-22 09_15.wav,2665.0,2670.0,Asian_green_bee_eater,0.42
2025-10-22 09_15.wav,2667.5,2672.5,Asian_green_bee_eater,0.4
2025-10-22 09_15.wav,2670.0,2675.0,Asian_green_bee_eater,0.45
2025-10-22 09_15.wav,2672.5,2677.5,Asian_green_bee_eater,0.455
2025-10-22 09_15.wav,2675.0,2680.0,Asian_green_bee_eater,0.445
2025-10-22 09_15.wav,2677.5,2682.5,Asian_green_bee_eater,0.255
2025-10-22 09_15.wav,2680.0,2685.0,Indian_peafowl,0.245
2025-10-22 09_15.wav,2682.5,2687.5,Asian_green_bee_eater,0.295
2025-10-22 09_15.wav,2685.0,2690.0,Asian_green_bee_eater,0.295
2025-10-22 09_15.wav,2687.5,2692.5,Asian_green_bee_eater,0.24
2025-10-22 09_15.wav,2690.0,2695.0,Indian_peafowl,0.2925
2025-10-22 09_15.wav,2692.5,2697.5,Indian_peafowl,0.29
2025-10-22 09_15.wav,2695.0,2700.0,Spotted_dove,0.31
2025-10-22 09_15.wav,2697.5,2701.2078911564627,Indian_peafowl,0.33
